case,name,gps_v4,imu_v4,camera_v4,lidar_dynamic,frames,ATE3D,ATE2D,Mean3D,Max3D,ZRMSE,GPS_factors,IMU_factors,LiDAR_factors,Camera_factors
F0,All Fixed,False,False,False,False,4544,2.4563402209770127,2.374576035500963,1.8237870394013393,7.0998375703889725,0.6284870188109922,4544,4543,4543,4461
F1,GPS V4,True,False,False,False,4544,2.1967953559757145,2.022512092755269,1.5585139871993023,8.005441984865502,0.8575282331767086,4544,4543,4543,4461
F2,IMU V4,False,True,False,False,4544,2.8197869755714198,2.5093811811076097,2.1437175614331383,8.781004966087458,1.286158884238332,4544,4543,4543,4461
F3,Camera V4,False,False,True,False,4544,2.91369994118368,2.5327983198781885,2.253378635049213,9.424643054325506,1.440340243857681,4544,4543,4543,4461
F4,GPS + IMU V4,True,True,False,False,4544,2.3317484566192452,2.0347435032869083,1.7092809994299205,9.061234569547926,1.1388018882922308,4544,4543,4543,4461
F5,GPS + Camera V4,True,False,True,False,4544,2.085273462346255,1.8660266358896866,1.4741601376578484,8.584013027348085,0.9307577595248714,4544,4543,4543,4461
F6,IMU + Camera V4,False,True,True,False,4544,2.8073078317145193,2.534944807737797,2.130795620617921,7.431504837432893,1.2062471072416545,4544,4543,4543,4461
F7,GPS + IMU + Camera V4; LiDAR fixed,True,True,True,False,4544,2.3229777369909717,2.1381933389571737,1.6573678321334424,8.126408095503301,0.9079398723455575,4544,4543,4543,4461
F8,GPS + IMU + Camera V4; LiDAR dynamic lambda=1,True,True,True,True,4544,2.9903436531945604,2.6636596276962683,1.684532903729696,20.858725783566666,1.3590704735156178,4544,4543,4543,4461
