lambda,sigma_t_min,sigma_t_max,sigma_t_mean,sigma_r_min,sigma_r_max,sigma_r_mean,ATE3D,ATE2D,Mean3D,Max3D,ZRMSE,improvement_vs_best_fixed_percent,gap_vs_gt_oracle_percent
0.0,0.15,0.15,0.15,0.012857142857142857,0.012857142857142857,0.012857142857142857,1.977234659710874,1.826405397951531,1.3780539976895085,9.342078238849153,0.7574300112191793,1.7210353144087123e-05,4.602362966316645
0.1,0.15,0.165,0.15510315464526153,0.012857142857142857,0.014142857142857145,0.013294556112450989,1.9471475747257305,1.835612118848764,1.3624354237553706,8.759824600400886,0.649547401577319,1.5216919220158227,3.0106549873180333
0.25,0.15,0.1875,0.1627578866131538,0.012857142857142857,0.01607142857142857,0.013950675995413183,1.9942103427132452,1.75250673848167,1.4544781032961664,8.560199807573825,0.9516275650488583,-0.8585394610779739,5.500433686599692
0.5,0.15,0.22499999999999998,0.17551577322630763,0.012857142857142857,0.019285714285714285,0.015044209133683513,2.6137783049512198,1.9727052717417355,1.5129468754890134,13.070103882976039,1.714721825333788,-32.193609002026555,38.27766250464728
0.75,0.15,0.2625,0.18827365983946145,0.012857142857142857,0.0225,0.016137742271953838,1.865829513677132,1.5804682834676451,1.2867343821011077,10.16337908984237,0.9916853226006108,5.634407964802776,-1.2913439159211137
1.0,0.15,0.3,0.20103154645261526,0.012857142857142857,0.025714285714285714,0.017231275410224168,1.728808805175804,1.6170050831906175,1.2501453894443857,8.412837094556224,0.6116162569692658,12.564323149458517,-8.54020019818637
1.25,0.15,0.33749999999999997,0.21378943306576909,0.012857142857142857,0.02892857142857143,0.018324808548494494,1.8696034744039072,1.7349708053327793,1.3459476361735017,7.9539216126609915,0.6966300712329958,5.443537343618381,-1.0916887015923822
1.5,0.15,0.375,0.22654731967892291,0.012857142857142857,0.03214285714285714,0.01941834168676482,1.8655839959951186,1.769178099866133,1.3094992973572994,7.371544806119751,0.5919564993030932,5.6468251879458675,-1.304332626978991
2.0,0.15,0.44999999999999996,0.25206309290523055,0.012857142857142857,0.03857142857142857,0.021605407963305477,2.097120919223413,2.0020644098491243,1.4601600389865215,8.762232662724237,0.6242229158401104,-6.063311605520473,10.944749273685117
