case,gps_mode,imu_mode,camera_mode,lidar_mode,ATE3D,ATE2D,Mean3D,Max3D,ZRMSE
U0_all_fixed,fixed,fixed,fixed,fixed,2.4563402209770127,2.374576035500963,1.8237870394013393,7.0998375703889725,0.6284870188109922
U1_gps_v5_direct,direct,fixed,fixed,fixed,2.649508924132671,2.3154121967500023,1.818707862225331,9.209050093195007,1.2879300828072893
U2_gps_v5_uncertainty,uncertainty,fixed,fixed,fixed,2.422215847511684,2.273357911465032,1.7356572732884035,6.732855788744169,0.836046301538433
U3_imu_v5_direct,fixed,direct,fixed,fixed,2.820244881668559,2.481812382734557,2.1996786711471548,9.02119277572202,1.3395478675594703
U4_imu_v5_uncertainty,fixed,uncertainty,fixed,fixed,2.7145299264019784,2.4581446696092057,2.0603628051815317,9.047657000015645,1.1516064886078827
U5_camera_v5_direct,fixed,fixed,direct,fixed,2.8389517880609985,2.4319628952719965,2.162311481951323,7.60959078429227,1.4646514025374735
U6_camera_v5_uncertainty,fixed,fixed,uncertainty,fixed,2.50043103133415,2.3840875349762745,1.8821265949927564,7.10779097806361,0.7538447904108049
U7_gic_v5_uncertainty_lidar_fixed,uncertainty,uncertainty,uncertainty,fixed,2.375006776695172,2.2937382275609197,1.7056590756384784,6.684407637760373,0.615972509754845
U8_all_v5_uncertainty_dynamic,uncertainty,uncertainty,uncertainty,uncertainty,2.3712673769706125,2.3189565232349088,1.6685425501287954,6.866144934055872,0.49532778685568823
