sigma_translation,sigma_rotation,ATE3D,ATE2D,Mean3D,Max3D,ZRMSE,gps_factors,imu_factors,lidar_factors,camera_factors
0.1,0.008571428571428572,2.4267969985441327,1.9339116789991524,1.8660026294956134,9.308151575709958,1.4660591018009776,4544,4543,4543,4461
0.12,0.010285714285714285,2.724941502865349,2.656201423231861,1.6722430533970822,11.832813138208447,0.6081942068608535,4544,4543,4543,4461
0.15,0.012857142857142857,1.9772346597002994,1.8264053979716284,1.3780539977258237,9.34207823941534,0.7574300111431136,4544,4543,4543,4461
0.18,0.015428571428571429,2.7359953793768135,2.1554079820737075,1.7558269262140882,16.21108016601378,1.6851964712709975,4544,4543,4543,4461
0.2,0.017142857142857144,2.948530959783255,2.0994501297574635,1.78707804595008,17.711627404453544,2.070300454876473,4544,4543,4543,4461
0.25,0.02142857142857143,3.653968669969472,3.0696532304566535,2.040941819007246,19.34297632618211,1.982098909203449,4544,4543,4543,4461
0.3,0.025714285714285714,2.802483802962202,2.667051618297079,1.6816229185363287,13.649496245255825,0.8606690021166182,4544,4543,4543,4461
0.35,0.03,2.557883942806174,2.422391503715033,1.657910490129859,8.68483524562813,0.8214558220591527,4544,4543,4543,4461
0.4,0.03428571428571429,2.575674798110293,2.3132255833912936,1.713865085774057,9.90009197691919,1.1327347730005066,4544,4543,4543,4461
0.5,0.04285714285714286,2.2536051346188577,1.998213056236809,1.4746436708850605,10.970529856685738,1.0420559892180605,4544,4543,4543,4461
