epoch,train_loss,val_loss
1,-0.16221085895263895,-0.8924444629387422
2,-0.797720480938347,-0.9370212121443315
3,-0.903563066404693,-1.021559940143065
4,-1.0542056852457475,-0.8545699498870156
5,-1.2492287012995507,-1.1154741895469753
6,-1.3761836655285893,-1.157609221610156
7,-1.453137782155251,-1.117812392386523
8,-1.513859639362413,-0.8509130586277355
9,-1.5777216152269014,-0.5819470327008854
10,-1.6459467775967656,-0.8666444068605249
11,-1.6915815630737616,-0.02927297150546854
12,-1.71830174631002,-0.4635681889273904
13,-1.7446124237410876,-0.34794501824812457
14,-1.7738583550161244,0.6771513630043376
15,-1.7956181351019411,1.0961612205613742
16,-1.8115339230517953,0.679896664890376
