experiment,description,ATE3D,ATE2D,Mean3D,Max3D,ZRMSE
E0_all_fixed,GPS fixed + IMU fixed + LiDAR fixed + Camera fixed,2.4563402209770127,2.374576035500963,1.8237870394013393,7.0998375703889725,0.6284870188109922
E1_gps_predictive,GPS predictive only; IMU/LiDAR/Camera fixed,2.3914327935170925,2.105980958988381,1.62924335697907,10.458149052548753,1.133046780273147
E2_imu_predictive,IMU predictive only; GPS/LiDAR/Camera fixed,2.7932018458437007,2.4965073381282132,2.125093248301419,8.531362423629728,1.2527680001886388
E3_camera_predictive,Camera predictive only; GPS/IMU/LiDAR fixed,2.728476498330079,2.456442929623661,2.0856893690252485,8.879228232752197,1.1876329969487613
E4_gps_imu_predictive,GPS+IMU predictive; LiDAR+Camera fixed,2.5325808522745996,2.089979442041285,1.6265887717044785,12.946948865991235,1.4303676818051845
E5_gps_camera_predictive,GPS+Camera predictive; IMU+LiDAR fixed,2.421456627277933,2.094673015308012,1.54024630330443,12.542348663459679,1.2148239200512414
E6_imu_camera_predictive,IMU+Camera predictive; GPS+LiDAR fixed,2.8364412510885773,2.513277067672471,2.1601264927937365,7.9355208068961325,1.3148525970574032
E7_gps_imu_camera_predictive_lidar_fixed,GPS+IMU+Camera predictive; LiDAR fixed,1.9772346597002994,1.8264053979716284,1.3780539977258237,9.34207823941534,0.7574300111431136
E8_final_full_predictive_dynamic,GPS+IMU+Camera predictive + LiDAR predictive dynamic covariance,1.7288088052044321,1.6170050832121843,1.2501453894408405,8.412837093018467,0.6116162569931687
