Method,ATE3D,ATE2D,Mean3D,Max3D,ZRMSE
Degraded Fixed Four-Sensor,2.4984269700940973,2.4149550112951954,1.7837318376066666,8.167197482950138,0.6404136306433482
All Predictive V1,2.2478068549514623,2.1781912853798695,1.5173097377324702,8.87385572996087,0.5550841210681271
GPS+IMU+Camera Predictive,1.9752863723438734,1.8482257054464544,1.3624836690320654,9.20959306253977,0.6970064522616534
Axis Control,1.9752863723438734,1.8482257054464544,1.3624836690320654,9.20959306253977,0.6970064522616534
GPS Z Fixed,2.067297122961203,2.0038828355659586,1.457557750312977,9.949719519376087,0.5081052803581172
Camera Z Fixed,2.36319126657985,2.2157261714136367,1.5762897084092813,10.077386794900265,0.821724099532162
GPS + Camera Z Fixed,2.2268972664200897,2.174042592151009,1.54628360766893,10.285466730901717,0.482296840859019
Camera Roll/Pitch/Z Fixed,2.6998483619461986,2.252635047480291,1.7705781103063103,12.433341017478343,1.4882259641489384
Full Axis-Aware,4.055746294674386,4.025207291932315,2.0778777806809687,22.619295247180094,0.4967738557331065
Error-derived Oracle All,2.1543538502644504,2.1065462959599324,1.132526179727051,18.207807007129333,0.45133492566690564
