AlphaZ,ATE3D,ATE2D,ZRMSE,Mean3D,Max3D
0.0,2.067297122961203,2.0038828355659586,0.5081052803581172,1.457557750312977,9.949719519376087
0.1,2.0521607046593133,2.001274576584203,0.4541625555520052,1.4420403439923546,10.030447288625327
0.2,2.3538231075719636,2.213381126584257,0.8008915096443108,1.61491527673215,9.568648258004266
0.3,2.506314971970942,2.041889378686373,1.4533762430745456,1.6430311100216042,15.011679994130779
0.4,2.1471444718835633,2.089303481287205,0.4950155009909433,1.4720081591901317,10.043282797205222
0.5,2.1142980862890375,2.0714935752361665,0.4232856782845024,1.5030764015277676,9.5420983147901
0.6,2.646684611143666,2.282098023950964,1.3405103654742114,1.7444185160054193,14.934127460931045
0.7,2.8923075886592087,2.592919648383185,1.2814877621124865,1.8687752558052995,15.362012456987621
0.8,2.4750804992310376,2.3884600392934794,0.6490624918849908,1.6095255438427485,10.092178437999678
0.9,2.6326456322576295,2.5696231090040396,0.5725906938796558,1.6669316798735476,9.799433278270394
1.0,1.9752863723438734,1.8482257054464544,0.6970064522616534,1.3624836690320654,9.20959306253977
