Scenario,Method,ATE3D,ATE2D,Mean3D,Max3D,ZRMSE,ReliabilityMAE,ReliabilityRMSE,ReliabilityCorr,ImproveVsFixed_percent,ImproveVsRobust_percent
mild_progressive,Fixed,1.85787402,1.83346544,1.40693108,4.74692021,0.30016716,0.11765901,0.18529785,0.60215260,nan,nan
mild_progressive,RobustFixed,1.85394568,1.82958136,1.40472535,4.78362885,0.29957739,0.11765901,0.18529785,0.60215260,nan,nan
mild_progressive,Proposed,1.82709015,1.80371521,1.35526367,5.29650132,0.29132432,0.11765901,0.18529785,0.60215260,1.6569405849426082,1.448560757585956
mild_progressive,Oracle,1.64133400,1.61415048,1.25113990,3.91177572,0.29748199,0.11765901,0.18529785,0.60215260,nan,nan
medium_progressive,Fixed,2.79242100,2.76614909,2.03457542,7.78601897,0.38214429,0.14731285,0.22737713,0.68410774,nan,nan
medium_progressive,RobustFixed,2.79086352,2.76405405,2.03422976,7.70124917,0.38590723,0.14731285,0.22737713,0.68410774,nan,nan
medium_progressive,Proposed,2.78363388,2.75434116,1.97691749,9.95032512,0.40276840,0.14731285,0.22737713,0.68410774,0.314677272475407,0.2590465515313941
medium_progressive,Oracle,2.10507546,2.07054509,1.59483327,5.15299722,0.37971791,0.14731285,0.22737713,0.68410774,nan,nan
severe_progressive,Fixed,3.75088991,3.71752963,2.78085683,9.91174044,0.49914788,0.15199733,0.23522389,0.71241178,nan,nan
severe_progressive,RobustFixed,3.71890741,3.68636999,2.76795095,9.69353510,0.49086523,0.15199733,0.23522389,0.71241178,nan,nan
severe_progressive,Proposed,3.81639330,3.78338624,2.79834970,10.70316034,0.50084569,0.15199733,0.23522389,0.71241178,-1.746342683746202,-2.621358419596815
severe_progressive,Oracle,2.46026622,2.42275034,1.93849916,5.98111922,0.42800776,0.15199733,0.23522389,0.71241178,nan,nan
sudden,Fixed,7.11776595,7.10337356,3.07974298,22.29593260,0.45241155,0.12470399,0.28345365,0.72748625,nan,nan
sudden,RobustFixed,7.10144430,7.08708274,3.06990747,22.25484901,0.45140832,0.12470399,0.28345365,0.72748625,nan,nan
sudden,Proposed,7.07912146,7.06527306,2.97393098,22.12851271,0.44258009,0.12470399,0.28345365,0.72748625,0.5429301735050878,0.31434237494479683
sudden,Oracle,6.23478899,6.22532965,2.47220299,22.55958189,0.34331416,0.12470399,0.28345365,0.72748625,nan,nan
bias_drift,Fixed,8.57993932,8.56179087,4.81563068,24.46324062,0.55775966,0.22868984,0.41109502,0.22386434,nan,nan
bias_drift,RobustFixed,8.57993932,8.56179087,4.81563068,24.46324062,0.55775966,0.22868984,0.41109502,0.22386434,nan,nan
bias_drift,Proposed,8.57557655,8.55767394,4.77055252,24.14043152,0.55383206,0.22868984,0.41109502,0.22386434,0.0508485505431943,0.0508485505431943
bias_drift,Oracle,8.59873991,8.58015443,4.76808342,27.53215486,0.56504696,0.22868984,0.41109502,0.22386434,nan,nan
intermittent_outlier,Fixed,0.69720995,0.68622176,0.41028813,3.78612114,0.12329400,0.04373836,0.13159755,0.56138431,nan,nan
intermittent_outlier,RobustFixed,0.54373874,0.53239875,0.35182889,2.88081445,0.11046897,0.04373836,0.13159755,0.56138431,nan,nan
intermittent_outlier,Proposed,0.42445149,0.41592215,0.26036240,2.36709995,0.08466304,0.04373836,0.13159755,0.56138431,39.12142417990077,21.93834031142722
intermittent_outlier,Oracle,0.26913254,0.25755980,0.19836241,2.06483477,0.07807223,0.04373836,0.13159755,0.56138431,nan,nan
