family,case,ATE3D,ATE2D,Mean3D,Max3D,ZRMSE,vsFixedPercent
predictive,fixed,2.498426963681271,2.4149550043897596,1.7837318397148494,8.167197237321838,0.6404136316650924,0.0
predictive,gps_only,3.6771710923633387,3.135147678198184,2.102587983197103,20.1606214238689,1.9215713045320815,-47.179451143341176
predictive,imu_only,2.504966651912657,2.4621864117616092,1.7705305741413695,8.070022327597606,0.46097288524489205,-0.26175222755963085
predictive,lidar_only,3.0539756101492115,2.9443863148617893,2.2287945899549437,12.398037512904,0.8107750959673462,-22.235937033331375
predictive,camera_only,2.505514866838224,2.4576169702516606,1.7554637320481625,8.744124115916026,0.48756904688301433,-0.2836946310613579
predictive,gps_imu,3.3453521135628947,2.115160960827766,1.9465106805539842,18.709961913617065,2.5918091892556228,-33.898335320306266
predictive,gps_lidar,2.915527901385692,2.3561602147418768,2.0417722621890975,9.60993864859906,1.7172105247249008,-16.694541956505685
predictive,gps_camera,3.128146418370002,2.5004242186803283,2.066238632122543,12.226949113269981,1.879675169117776,-25.20463731150579
predictive,gps_imu_lidar,3.050939817997839,2.510684475633287,2.000710073907606,10.291860016922254,1.7334062526882426,-22.11442889258911
predictive,gps_imu_camera,1.9752863708489743,1.848225704599757,1.362483671454757,9.209592823624629,0.6970064502703277,20.93879870962819
predictive,all_predictive_v1,2.5573611172981927,2.439499218125302,1.638354229706742,11.278255197967532,0.7674239043935904,-2.3588503675963373
oracle,gps_only,2.819399834269312,2.638671298157534,1.5294016076852177,14.151279499153185,0.993191424528754,-12.84699834151278
oracle,imu_only,2.45076397854998,2.398007106432851,1.7100445973538778,8.113820371889455,0.5057726723100726,1.9077197702454647
oracle,lidar_only,2.5963202159491643,2.564331589060693,1.8936853540896794,8.554467367876818,0.4063030458805066,-3.918195476230926
oracle,camera_only,2.515030398790487,2.4722536965861073,1.815040351740081,8.389668050301973,0.46188696296449594,-0.664555552376526
oracle,gps_imu,11.159422147723548,9.483483267559615,7.395285660620835,46.51212728327133,5.881857511451604,-346.65792956704485
oracle,gps_lidar,7.524520999286408,7.219624742762321,3.759343486472111,43.67528341372273,2.1202440525553237,-201.1703407250901
oracle,gps_camera,3.1401361141637216,2.0876137594365365,1.4556640535608323,25.74223416714734,2.3457032222526544,-25.68452709687913
oracle,all_oracle,1.9179550091431246,1.8619814129698358,1.0768577614480348,15.827064475543875,0.4599746023989325,23.233497035384957
