metric,effect,delta,note
ATE3D,GPS_Mamba_minus_GRU_main,-0.07637426132643366,negative_is_better
ATE3D,IMU_Mamba_minus_GRU_main,-0.04891419343919978,negative_is_better
ATE3D,Camera_Mamba_minus_GRU_main,-0.09635743710839295,negative_is_better
ATE3D,GPSxIMU_interaction,0.1042948370575496,large_abs_means_coupling
ATE3D,GPSxCamera_interaction,-0.2908217400863038,large_abs_means_coupling
ATE3D,IMUxCamera_interaction,0.19455138660727056,large_abs_means_coupling
ATE2D,GPS_Mamba_minus_GRU_main,-0.13994769613072033,negative_is_better
ATE2D,IMU_Mamba_minus_GRU_main,-0.09254634319239086,negative_is_better
ATE2D,Camera_Mamba_minus_GRU_main,-0.08561709012128638,negative_is_better
ATE2D,GPSxIMU_interaction,0.013135265407545615,large_abs_means_coupling
ATE2D,GPSxCamera_interaction,-0.26674270895152863,large_abs_means_coupling
ATE2D,IMUxCamera_interaction,0.11933907391127518,large_abs_means_coupling
ZRMSE,GPS_Mamba_minus_GRU_main,0.19769433859141505,negative_is_better
ZRMSE,IMU_Mamba_minus_GRU_main,0.14344497335386897,negative_is_better
ZRMSE,Camera_Mamba_minus_GRU_main,-0.07764852384366333,negative_is_better
ZRMSE,GPSxIMU_interaction,0.3264915939889025,large_abs_means_coupling
ZRMSE,GPSxCamera_interaction,-0.1778301524278231,large_abs_means_coupling
ZRMSE,IMUxCamera_interaction,0.30590229820113624,large_abs_means_coupling
