type,level,count,translation_error_mean,translation_error_p90,rotation_error_deg_mean,rotation_error_deg_p90,fitness_mean,rmse_mean,converged_ratio,oracle_reliability_mean
clean,clean,2863,0.05335758490404268,0.11921331399266401,0.1483844252647232,0.24546699624817647,0.990040575154267,0.30037168626313876,1.0,0.971791910492175
sparse,mild,140,0.042840397696344075,0.08733972452385433,0.18254757025168508,0.33528828205303124,0.9904940476190477,0.2881369038203431,1.0,0.9774998764501719
sparse,moderate,140,0.03248653112925182,0.06373510750667252,0.1115682581714213,0.21212624252459827,0.9913595238095239,0.2817070261896179,1.0,0.9999921174531563
sparse,severe,140,0.050396848175408494,0.11435725962736903,0.13048988233023948,0.21065800859024852,0.9906607142857144,0.29740633817563733,1.0,0.9938200749055754
range_noise,mild,140,0.04027139101345553,0.08434168085464301,0.14469767677655596,0.242898613323813,0.9895476190476188,0.29759188218311255,1.0,0.9971070497197433
range_noise,moderate,140,0.04789473698059221,0.09309492905353971,0.12803919915979978,0.21483276134299606,0.9853511904761904,0.33238488487515333,1.0,0.9991626796949363
range_noise,severe,140,0.043029171666927435,0.07195327800911573,0.1450099136520983,0.2380593089629172,0.9836357142857143,0.3327075642942905,1.0,0.9996906069960645
occlusion,mild,140,0.053132032133743796,0.11152692305857755,0.13686796838988044,0.2283083369511508,0.9924214285714287,0.2764691756287198,1.0,0.9820068442753712
occlusion,moderate,140,0.046507928771542646,0.0764343550401704,0.14629429124322496,0.2301288595855895,0.9924285714285714,0.24675462204464504,1.0,0.9999919232803027
occlusion,severe,140,0.046956759469103854,0.06676519623120471,0.20566088455804382,0.3252407497960076,0.9925547619047618,0.23057215981622028,1.0,0.9680589650737313
ghost_outlier,mild,140,0.053836930327779704,0.09642924281691972,0.24497719602755386,0.43160775117695815,0.9907226190476188,0.2902407629645708,1.0,0.9083034729887687
ghost_outlier,moderate,140,0.0568557570973838,0.09468735856980519,0.16092124791235698,0.2570703211706997,0.9912107142857143,0.3115215526424191,1.0,0.9631779328433375
ghost_outlier,severe,140,0.04176859515565955,0.0752966450486649,0.16416321878334986,0.2677913459295696,0.9867583333333333,0.3376378526615969,1.0,0.9860615662939823
